"FrequencyRank","ImageId","OutputFile","Words","Combination","Character","Status","SelectionRule","SourceUrl"
"19","img-00013","assets/gallery/generated/img-00013.png","米飯","ㄇㄧˇ","米","待產生","國小1-4年級字頻篩選；每字最多3張","https://dict.concised.moe.edu.tw/searchP.jsp?SN=%E3%84%87&SN2=%E3%84%87%E3%84%A7%CB%87&word=%E7%B1%B3"
"35","img-00002","assets/gallery/generated/img-00002.png","天氣","ㄊㄧㄢ","天","待產生","國小1-4年級字頻篩選；每字最多3張","https://dict.concised.moe.edu.tw/searchP.jsp?SN=%E3%84%8A&SN2=%E3%84%8A%E3%84%A7%E3%84%A2&word=%E5%A4%A9"
"75","img-00034","assets/gallery/generated/img-00034.png","家人","ㄐㄧㄚ","家","待產生","國小1-4年級字頻篩選；每字最多3張","https://dict.concised.moe.edu.tw/searchP.jsp?SN=%E3%84%90&SN2=%E3%84%90%E3%84%A7%E3%84%9A&word=%E5%AE%B6"
"81","img-00006","assets/gallery/generated/img-00006.png","水餃","ㄕㄨㄟˇ","水","待產生","國小1-4年級字頻篩選；每字最多3張","https://dict.concised.moe.edu.tw/searchP.jsp?SN=%E3%84%95&SN2=%E3%84%95%E3%84%A8%E3%84%9F%CB%87&word=%E6%B0%B4"
"114","img-00028","assets/gallery/generated/img-00028.png","花朵","ㄏㄨㄚ","花","待產生","國小1-4年級字頻篩選；每字最多3張","https://dict.concised.moe.edu.tw/searchP.jsp?SN=%E3%84%8F&SN2=%E3%84%8F%E3%84%A8%E3%84%9A&word=%E8%8A%B1"
"127","img-00005","assets/gallery/generated/img-00005.png","月亮","ㄩㄝˋ","月","待產生","國小1-4年級字頻篩選；每字最多3張","https://dict.concised.moe.edu.tw/searchP.jsp?SN=%E3%84%A9&SN2=%E3%84%A9%E3%84%9D%CB%8B&word=%E6%9C%88"
"137","img-00025","assets/gallery/generated/img-00025.png","果汁","ㄍㄨㄛˇ","果","待產生","國小1-4年級字頻篩選；每字最多3張","https://dict.concised.moe.edu.tw/searchP.jsp?SN=%E3%84%8D&SN2=%E3%84%8D%E3%84%A8%E3%84%9B%CB%87&word=%E6%9E%9C"
"144","img-00071","assets/gallery/generated/img-00071.png","積木","ㄐㄧ","積","待產生","國小1-4年級字頻篩選；每字最多3張","https://dict.concised.moe.edu.tw/searchP.jsp?SN=%E3%84%90&SN2=%E3%84%90%E3%84%A7&word=%E7%A9%8D"
"158","img-00017","assets/gallery/generated/img-00017.png","快樂","ㄎㄨㄞˋ","快","待產生","國小1-4年級字頻篩選；每字最多3張","https://dict.concised.moe.edu.tw/searchP.jsp?SN=%E3%84%8E&SN2=%E3%84%8E%E3%84%A8%E3%84%9E%CB%8B&word=%E5%BF%AB"
"160","img-00035","assets/gallery/generated/img-00035.png","書包","ㄕㄨ","書","待產生","國小1-4年級字頻篩選；每字最多3張","https://dict.concised.moe.edu.tw/searchP.jsp?SN=%E3%84%95&SN2=%E3%84%95%E3%84%A8&word=%E6%9B%B8"
"160","img-00036","assets/gallery/generated/img-00036.png","書本","ㄕㄨ","書","待產生","國小1-4年級字頻篩選；每字最多3張","https://dict.concised.moe.edu.tw/searchP.jsp?SN=%E3%84%95&SN2=%E3%84%95%E3%84%A8&word=%E6%9B%B8"
"170","img-00004","assets/gallery/generated/img-00004.png","手套","ㄕㄡˇ","手","待產生","國小1-4年級字頻篩選；每字最多3張","https://dict.concised.moe.edu.tw/searchP.jsp?SN=%E3%84%95&SN2=%E3%84%95%E3%84%A1%CB%87&word=%E6%89%8B"
"247","img-00031","assets/gallery/generated/img-00031.png","星星","ㄒㄧㄥ","星","待產生","國小1-4年級字頻篩選；每字最多3張","https://dict.concised.moe.edu.tw/searchP.jsp?SN=%E3%84%92&SN2=%E3%84%92%E3%84%A7%E3%84%A5&word=%E6%98%9F"
"275","img-00016","assets/gallery/generated/img-00016.png","西瓜","ㄒㄧ","西","待產生","國小1-4年級字頻篩選；每字最多3張","https://dict.concised.moe.edu.tw/searchP.jsp?SN=%E3%84%92&SN2=%E3%84%92%E3%84%A7&word=%E8%A5%BF"
"286","img-00054","assets/gallery/generated/img-00054.png","圓形","ㄩㄢˊ","圓","待產生","國小1-4年級字頻篩選；每字最多3張","https://dict.concised.moe.edu.tw/searchP.jsp?SN=%E3%84%A9&SN2=%E3%84%A9%E3%84%A2%CB%8A&word=%E5%9C%93"
"298","img-00012","assets/gallery/generated/img-00012.png","吃飯","ㄔ","吃","待產生","國小1-4年級字頻篩選；每字最多3張","https://dict.concised.moe.edu.tw/searchP.jsp?SN=%E3%84%94&SN2=%E3%84%94&word=%E5%90%83"
"303","img-00043","assets/gallery/generated/img-00043.png","眼睛","ㄧㄢˇ","眼","待產生","國小1-4年級字頻篩選；每字最多3張","https://dict.concised.moe.edu.tw/searchP.jsp?SN=%E3%84%A7&SN2=%E3%84%A7%E3%84%A2%CB%87&word=%E7%9C%BC"
"317","img-00003","assets/gallery/generated/img-00003.png","太陽","ㄊㄞˋ","太","待產生","國小1-4年級字頻篩選；每字最多3張","https://dict.concised.moe.edu.tw/searchP.jsp?SN=%E3%84%8A&SN2=%E3%84%8A%E3%84%9E%CB%8B&word=%E5%A4%AA"
"357","img-00039","assets/gallery/generated/img-00039.png","草莓","ㄘㄠˇ","草","待產生","國小1-4年級字頻篩選；每字最多3張","https://dict.concised.moe.edu.tw/searchP.jsp?SN=%E3%84%98&SN2=%E3%84%98%E3%84%A0%CB%87&word=%E8%8D%89"
"362","img-00073","assets/gallery/generated/img-00073.png","關門","ㄍㄨㄢ","關","待產生","國小1-4年級字頻篩選；每字最多3張","https://dict.concised.moe.edu.tw/searchP.jsp?SN=%E3%84%8D&SN2=%E3%84%8D%E3%84%A8%E3%84%A2&word=%E9%97%9C"
"368","img-00052","assets/gallery/generated/img-00052.png","跑步","ㄆㄠˇ","跑","待產生","國小1-4年級字頻篩選；每字最多3張","https://dict.concised.moe.edu.tw/searchP.jsp?SN=%E3%84%86&SN2=%E3%84%86%E3%84%A0%CB%87&word=%E8%B7%91"
"413","img-00029","assets/gallery/generated/img-00029.png","雨衣","ㄩˇ","雨","待產生","國小1-4年級字頻篩選；每字最多3張","https://dict.concised.moe.edu.tw/searchP.jsp?SN=%E3%84%A9&SN2=%E3%84%A9%CB%87&word=%E9%9B%A8"
"413","img-00030","assets/gallery/generated/img-00030.png","雨傘","ㄩˇ","雨","待產生","國小1-4年級字頻篩選；每字最多3張","https://dict.concised.moe.edu.tw/searchP.jsp?SN=%E3%84%A9&SN2=%E3%84%A9%CB%87&word=%E9%9B%A8"
"446","img-00018","assets/gallery/generated/img-00018.png","汽車","ㄑㄧˋ","汽","待產生","國小1-4年級字頻篩選；每字最多3張","https://dict.concised.moe.edu.tw/searchP.jsp?SN=%E3%84%91&SN2=%E3%84%91%E3%84%A7%CB%8B&word=%E6%B1%BD"
"455","img-00015","assets/gallery/generated/img-00015.png","衣服","ㄧ","衣","待產生","國小1-4年級字頻篩選；每字最多3張","https://dict.concised.moe.edu.tw/searchP.jsp?SN=%E3%84%A7&SN2=%E3%84%A7&word=%E8%A1%A3"
"457","img-00010","assets/gallery/generated/img-00010.png","皮球","ㄆㄧˊ","皮","待產生","國小1-4年級字頻篩選；每字最多3張","https://dict.concised.moe.edu.tw/searchP.jsp?SN=%E3%84%86&SN2=%E3%84%86%E3%84%A7%CB%8A&word=%E7%9A%AE"
"461","img-00072","assets/gallery/generated/img-00072.png","錢包","ㄑㄧㄢˊ","錢","待產生","國小1-4年級字頻篩選；每字最多3張","https://dict.concised.moe.edu.tw/searchP.jsp?SN=%E3%84%91&SN2=%E3%84%91%E3%84%A7%E3%84%A2%CB%8A&word=%E9%8C%A2"
"479","img-00057","assets/gallery/generated/img-00057.png","葉子","ㄧㄝˋ","葉","待產生","國小1-4年級字頻篩選；每字最多3張","https://dict.concised.moe.edu.tw/searchP.jsp?SN=%E3%84%A7&SN2=%E3%84%A7%E3%84%9D%CB%8B&word=%E8%91%89"
"483","img-00027","assets/gallery/generated/img-00027.png","玩具","ㄨㄢˊ","玩","待產生","國小1-4年級字頻篩選；每字最多3張","https://dict.concised.moe.edu.tw/searchP.jsp?SN=%E3%84%A8&SN2=%E3%84%A8%E3%84%A2%CB%8A&word=%E7%8E%A9"
"491","img-00047","assets/gallery/generated/img-00047.png","鳥窩","ㄋㄧㄠˇ","鳥","待產生","國小1-4年級字頻篩選；每字最多3張","https://dict.concised.moe.edu.tw/searchP.jsp?SN=%E3%84%8B&SN2=%E3%84%8B%E3%84%A7%E3%84%A0%CB%87&word=%E9%B3%A5"
"520","img-00056","assets/gallery/generated/img-00056.png","腳趾","ㄐㄧㄠˇ","腳","待產生","國小1-4年級字頻篩選；每字最多3張","https://dict.concised.moe.edu.tw/searchP.jsp?SN=%E3%84%90&SN2=%E3%84%90%E3%84%A7%E3%84%A0%CB%87&word=%E8%85%B3"
"550","img-00008","assets/gallery/generated/img-00008.png","牛奶","ㄋㄧㄡˊ","牛","待產生","國小1-4年級字頻篩選；每字最多3張","https://dict.concised.moe.edu.tw/searchP.jsp?SN=%E3%84%8B&SN2=%E3%84%8B%E3%84%A7%E3%84%A1%CB%8A&word=%E7%89%9B"
"550","img-00009","assets/gallery/generated/img-00009.png","牛肉","ㄋㄧㄡˊ","牛","待產生","國小1-4年級字頻篩選；每字最多3張","https://dict.concised.moe.edu.tw/searchP.jsp?SN=%E3%84%8B&SN2=%E3%84%8B%E3%84%A7%E3%84%A1%CB%8A&word=%E7%89%9B"
"569","img-00001","assets/gallery/generated/img-00001.png","午餐","ㄨˇ","午","待產生","國小1-4年級字頻篩選；每字最多3張","https://dict.concised.moe.edu.tw/searchP.jsp?SN=%E3%84%A8&SN2=%E3%84%A8%CB%87&word=%E5%8D%88"
"577","img-00041","assets/gallery/generated/img-00041.png","彩虹","ㄘㄞˇ","彩","待產生","國小1-4年級字頻篩選；每字最多3張","https://dict.concised.moe.edu.tw/searchP.jsp?SN=%E3%84%98&SN2=%E3%84%98%E3%84%9E%CB%87&word=%E5%BD%A9"
"580","img-00042","assets/gallery/generated/img-00042.png","晚餐","ㄨㄢˇ","晚","待產生","國小1-4年級字頻篩選；每字最多3張","https://dict.concised.moe.edu.tw/searchP.jsp?SN=%E3%84%A8&SN2=%E3%84%A8%E3%84%A2%CB%87&word=%E6%99%9A"
"685","img-00065","assets/gallery/generated/img-00065.png","嘴巴","ㄗㄨㄟˇ","嘴","待產生","國小1-4年級字頻篩選；每字最多3張","https://dict.concised.moe.edu.tw/searchP.jsp?SN=%E3%84%97&SN2=%E3%84%97%E3%84%A8%E3%84%9F%CB%87&word=%E5%98%B4"
"700","img-00046","assets/gallery/generated/img-00046.png","野餐","ㄧㄝˇ","野","待產生","國小1-4年級字頻篩選；每字最多3張","https://dict.concised.moe.edu.tw/searchP.jsp?SN=%E3%84%A7&SN2=%E3%84%A7%E3%84%9D%CB%87&word=%E9%87%8E"
"707","img-00055","assets/gallery/generated/img-00055.png","睡覺","ㄕㄨㄟˋ","睡","待產生","國小1-4年級字頻篩選；每字最多3張","https://dict.concised.moe.edu.tw/searchP.jsp?SN=%E3%84%95&SN2=%E3%84%95%E3%84%A8%E3%84%9F%CB%8B&word=%E7%9D%A1"
"709","img-00023","assets/gallery/generated/img-00023.png","房子","ㄈㄤˊ","房","待產生","國小1-4年級字頻篩選；每字最多3張","https://dict.concised.moe.edu.tw/searchP.jsp?SN=%E3%84%88&SN2=%E3%84%88%E3%84%A4%CB%8A&word=%E6%88%BF"
"719","img-00037","assets/gallery/generated/img-00037.png","桌子","ㄓㄨㄛ","桌","待產生","國小1-4年級字頻篩選；每字最多3張","https://dict.concised.moe.edu.tw/searchP.jsp?SN=%E3%84%93&SN2=%E3%84%93%E3%84%A8%E3%84%9B&word=%E6%A1%8C"
"741","img-00019","assets/gallery/generated/img-00019.png","兔子","ㄊㄨˋ","兔","待產生","國小1-4年級字頻篩選；每字最多3張","https://dict.concised.moe.edu.tw/searchP.jsp?SN=%E3%84%8A&SN2=%E3%84%8A%E3%84%A8%CB%8B&word=%E5%85%94"
"745","img-00033","assets/gallery/generated/img-00033.png","香蕉","ㄒㄧㄤ","香","待產生","國小1-4年級字頻篩選；每字最多3張","https://dict.concised.moe.edu.tw/searchP.jsp?SN=%E3%84%92&SN2=%E3%84%92%E3%84%A7%E3%84%A4&word=%E9%A6%99"
"756","img-00044","assets/gallery/generated/img-00044.png","蛋黃","ㄉㄢˋ","蛋","待產生","國小1-4年級字頻篩選；每字最多3張","https://dict.concised.moe.edu.tw/searchP.jsp?SN=%E3%84%89&SN2=%E3%84%89%E3%84%A2%CB%8B&word=%E8%9B%8B"
"756","img-00045","assets/gallery/generated/img-00045.png","蛋糕","ㄉㄢˋ","蛋","待產生","國小1-4年級字頻篩選；每字最多3張","https://dict.concised.moe.edu.tw/searchP.jsp?SN=%E3%84%89&SN2=%E3%84%89%E3%84%A2%CB%8B&word=%E8%9B%8B"
"776","img-00014","assets/gallery/generated/img-00014.png","耳朵","ㄦˇ","耳","待產生","國小1-4年級字頻篩選；每字最多3張","https://dict.concised.moe.edu.tw/searchP.jsp?SN=%E3%84%A6&SN2=%E3%84%A6%CB%87&word=%E8%80%B3"
"814","img-00032","assets/gallery/generated/img-00032.png","洗手","ㄒㄧˇ","洗","待產生","國小1-4年級字頻篩選；每字最多3張","https://dict.concised.moe.edu.tw/searchP.jsp?SN=%E3%84%92&SN2=%E3%84%92%E3%84%A7%CB%87&word=%E6%B4%97"
"867","img-00040","assets/gallery/generated/img-00040.png","剪刀","ㄐㄧㄢˇ","剪","待產生","國小1-4年級字頻篩選；每字最多3張","https://dict.concised.moe.edu.tw/searchP.jsp?SN=%E3%84%90&SN2=%E3%84%90%E3%84%A7%E3%84%A2%CB%87&word=%E5%89%AA"
"874","img-00063","assets/gallery/generated/img-00063.png","餅乾","ㄅㄧㄥˇ","餅","待產生","國小1-4年級字頻篩選；每字最多3張","https://dict.concised.moe.edu.tw/searchP.jsp?SN=%E3%84%85&SN2=%E3%84%85%E3%84%A7%E3%84%A5%CB%87&word=%E9%A4%85"
"879","img-00022","assets/gallery/generated/img-00022.png","姐姐","ㄐㄧㄝˇ","姐","待產生","國小1-4年級字頻篩選；每字最多3張","https://dict.concised.moe.edu.tw/searchP.jsp?SN=%E3%84%90&SN2=%E3%84%90%E3%84%A7%E3%84%9D%CB%87&word=%E5%A7%90"
"888","img-00070","assets/gallery/generated/img-00070.png","橡皮","ㄒㄧㄤˋ","橡","待產生","國小1-4年級字頻篩選；每字最多3張","https://dict.concised.moe.edu.tw/searchP.jsp?SN=%E3%84%92&SN2=%E3%84%92%E3%84%A7%E3%84%A4%CB%8B&word=%E6%A9%A1"
"890","img-00011","assets/gallery/generated/img-00011.png","冰棒","ㄅㄧㄥ","冰","待產生","國小1-4年級字頻篩選；每字最多3張","https://dict.concised.moe.edu.tw/searchP.jsp?SN=%E3%84%85&SN2=%E3%84%85%E3%84%A7%E3%84%A5&word=%E5%86%B0"
"926","img-00051","assets/gallery/generated/img-00051.png","窗戶","ㄔㄨㄤ","窗","待產生","國小1-4年級字頻篩選；每字最多3張","https://dict.concised.moe.edu.tw/searchP.jsp?SN=%E3%84%94&SN2=%E3%84%94%E3%84%A8%E3%84%A4&word=%E7%AA%97"
"1014","img-00064","assets/gallery/generated/img-00064.png","鼻子","ㄅㄧˊ","鼻","待產生","國小1-4年級字頻篩選；每字最多3張","https://dict.concised.moe.edu.tw/searchP.jsp?SN=%E3%84%85&SN2=%E3%84%85%E3%84%A7%CB%8A&word=%E9%BC%BB"
"1026","img-00069","assets/gallery/generated/img-00069.png","鞋子","ㄒㄧㄝˊ","鞋","待產生","國小1-4年級字頻篩選；每字最多3張","https://dict.concised.moe.edu.tw/searchP.jsp?SN=%E3%84%92&SN2=%E3%84%92%E3%84%A7%E3%84%9D%CB%8A&word=%E9%9E%8B"
"1036","img-00060","assets/gallery/generated/img-00060.png","鉛筆","ㄑㄧㄢ","鉛","待產生","國小1-4年級字頻篩選；每字最多3張","https://dict.concised.moe.edu.tw/searchP.jsp?SN=%E3%84%91&SN2=%E3%84%91%E3%84%A7%E3%84%A2&word=%E9%89%9B"
"1042","img-00024","assets/gallery/generated/img-00024.png","杯子","ㄅㄟ","杯","待產生","國小1-4年級字頻篩選；每字最多3張","https://dict.concised.moe.edu.tw/searchP.jsp?SN=%E3%84%85&SN2=%E3%84%85%E3%84%9F&word=%E6%9D%AF"
"1134","img-00007","assets/gallery/generated/img-00007.png","牙齒","ㄧㄚˊ","牙","待產生","國小1-4年級字頻篩選；每字最多3張","https://dict.concised.moe.edu.tw/searchP.jsp?SN=%E3%84%A7&SN2=%E3%84%A7%E3%84%9A%CB%8A&word=%E7%89%99"
"1140","img-00062","assets/gallery/generated/img-00062.png","蜜蜂","ㄇㄧˋ","蜜","待產生","國小1-4年級字頻篩選；每字最多3張","https://dict.concised.moe.edu.tw/searchP.jsp?SN=%E3%84%87&SN2=%E3%84%87%E3%84%A7%CB%8B&word=%E8%9C%9C"
"1166","img-00061","assets/gallery/generated/img-00061.png","熊貓","ㄒㄩㄥˊ","熊","待產生","國小1-4年級字頻篩選；每字最多3張","https://dict.concised.moe.edu.tw/searchP.jsp?SN=%E3%84%92&SN2=%E3%84%92%E3%84%A9%E3%84%A5%CB%8A&word=%E7%86%8A"
"1198","img-00021","assets/gallery/generated/img-00021.png","味道","ㄨㄟˋ","味","待產生","國小1-4年級字頻篩選；每字最多3張","https://dict.concised.moe.edu.tw/searchP.jsp?SN=%E3%84%A8&SN2=%E3%84%A8%E3%84%9F%CB%8B&word=%E5%91%B3"
"1218","img-00049","assets/gallery/generated/img-00049.png","椅子","ㄧˇ","椅","待產生","國小1-4年級字頻篩選；每字最多3張","https://dict.concised.moe.edu.tw/searchP.jsp?SN=%E3%84%A7&SN2=%E3%84%A7%CB%87&word=%E6%A4%85"
"1346","img-00020","assets/gallery/generated/img-00020.png","刷牙","ㄕㄨㄚ","刷","待產生","國小1-4年級字頻篩選；每字最多3張","https://dict.concised.moe.edu.tw/searchP.jsp?SN=%E3%84%95&SN2=%E3%84%95%E3%84%A8%E3%84%9A&word=%E5%88%B7"
"1370","img-00048","assets/gallery/generated/img-00048.png","帽子","ㄇㄠˋ","帽","待產生","國小1-4年級字頻篩選；每字最多3張","https://dict.concised.moe.edu.tw/searchP.jsp?SN=%E3%84%87&SN2=%E3%84%87%E3%84%A0%CB%8B&word=%E5%B8%BD"
"1392","img-00038","assets/gallery/generated/img-00038.png","烏龜","ㄨ","烏","待產生","國小1-4年級字頻篩選；每字最多3張","https://dict.concised.moe.edu.tw/searchP.jsp?SN=%E3%84%A8&SN2=%E3%84%A8&word=%E7%83%8F"
"1490","img-00066","assets/gallery/generated/img-00066.png","膠水","ㄐㄧㄠ","膠","待產生","國小1-4年級字頻篩選；每字最多3張","https://dict.concised.moe.edu.tw/searchP.jsp?SN=%E3%84%90&SN2=%E3%84%90%E3%84%A7%E3%84%A0&word=%E8%86%A0"
"1562","img-00068","assets/gallery/generated/img-00068.png","蝴蝶","ㄏㄨˊ","蝴","待產生","國小1-4年級字頻篩選；每字最多3張","https://dict.concised.moe.edu.tw/searchP.jsp?SN=%E3%84%8F&SN2=%E3%84%8F%E3%84%A8%CB%8A&word=%E8%9D%B4"
"1760","img-00059","assets/gallery/generated/img-00059.png","裙子","ㄑㄩㄣˊ","裙","待產生","國小1-4年級字頻篩選；每字最多3張","https://dict.concised.moe.edu.tw/searchP.jsp?SN=%E3%84%91&SN2=%E3%84%91%E3%84%A9%E3%84%A3%CB%8A&word=%E8%A3%99"
"1790","img-00067","assets/gallery/generated/img-00067.png","蔬菜","ㄕㄨ","蔬","待產生","國小1-4年級字頻篩選；每字最多3張","https://dict.concised.moe.edu.tw/searchP.jsp?SN=%E3%84%95&SN2=%E3%84%95%E3%84%A8&word=%E8%94%AC"
